ID,Hashes,Algorithms,VirusTotal,,,,Basic Properties,,,,History,,,,,"Names (top 3 names only, null if < 3 names)",,,
,,,Detection (sample: 4/69),Hash-MD5,Hash-SHA1,Hash-SHA256,File Type,Magic,Creation Time,Signature Date,First Seen in the Wild,First Submission,Last Submission,Last Analysis,Name1,Name2,Name3,Verdict (Benign or Malicious)
1,ï»¿e2bec41114411c5ea7abb3212597baca,Unknown,N/A,N/A,N/A,N/A,N/A,N/A,N/A,N/A,N/A,N/A,N/A,N/A,null,null,null,N/A
2,e316fdd76cef9a954dd1013b45bf6ab2254a294570d57ec7126fb1444af771b1,SHA256,34/76,733dedcfe281f82af18e7a066ae0d8c8,d5ca8a4e61d4e7468e5245b87a067d15b8591035,e316fdd76cef9a954dd1013b45bf6ab2254a294570d57ec7126fb1444af771b1,Win32 EXE,"PE32 executable (GUI) Intel 80386, for MS Windows",2023-08-20 19:21:16,N/A,2024-06-16 07:01:50,2024-06-16 06:25:03,2024-06-22 18:48:50,2025-01-30 18:45:02,e316fdd76cef9a954dd1013b45bf6ab2254a294570d57ec7126fb1444af771b1.exe,e316fdd76cef9a954dd1013b45bf6ab2254a294570d57ec7126fb1444af771b1.exe.vir,733dedcfe281f82af18e7a066ae0d8c8.virus,Malicious
3,e32cce2c145fc004aeae287ed5c7ef3e,MD5,55/76,e32cce2c145fc004aeae287ed5c7ef3e,85e17dfc93640da3418c46afa296e6a7aaf0e425,c9b9c896c9ab4d825c66125312f8b8f86305565f4a5518ccc3aa11ff89993af0,Win32 EXE,"PE32 executable (GUI) Intel 80386 Mono/.Net assembly, for MS Windows",2024-06-14 02:34:09,N/A,2024-06-14 23:30:01,2024-06-14 06:16:27,2024-06-15 16:20:25,2025-01-14 04:02:08,Zlwx.exe,c9b9c896c9ab4d825c66125312f8b8f86305565f4a5518ccc3aa11ff89993af0.exe,PO 181790 (1).exe,Malicious
4,e3dc38ad4bb6f9e5109ff01bb417fef1e9ba7e3f269d3528ae19fc868809c123,SHA256,61/76,258aaed0820a97f193d6d158508f53ec,20e5c16f489f16fea22aee08319a89d239320a99,e3dc38ad4bb6f9e5109ff01bb417fef1e9ba7e3f269d3528ae19fc868809c123,Win32 EXE,"PE32 executable (GUI) Intel 80386 Mono/.Net assembly, for MS Windows",2064-05-05 10:29:08,N/A,N/A,2024-06-17 06:12:01,2024-06-18 23:09:01,2025-01-24 07:15:54,vnFo.exe,e3dc3.exe,vaImGxSxpuzzB.exe,Malicious
5,e4069cfa2526fbbd9d01b0e3bc1b21d9,MD5,N/A,N/A,N/A,N/A,N/A,N/A,N/A,N/A,N/A,N/A,N/A,N/A,null,null,null,N/A
6,e40f02f83a5747b8b47cbc21fc7c54e6b81b7b92c86410ccc62795274f639385,SHA256,0/76,afc1e64c5fea4f5bdeceeb8093ed802b,eb6e92fd8e458d3d5ab2045e32327fea03f07e27,e40f02f83a5747b8b47cbc21fc7c54e6b81b7b92c86410ccc62795274f639385,Win32 EXE,"PE32+ executable (console) x86-64 (stripped to external PDB), for MS Windows",2040-09-20 15:25:53,N/A,N/A,2016-11-24 06:07:42,2024-10-28 02:12:34,2024-10-28 02:12:34,e40f02f83a5747b8b47cbc21fc7c54e6b81b7b92c86410ccc62795274f639385.exe,dbus-send.exe,b97.exe,Benign
7,e417a2a7e4a77e96f819ef1fca0156ae01807825c0ee0817e649fe6c0d41a4be,SHA256,0/76,5aa028983a9e31f166c823213e09d831,828a2cceab1aed524c9cc1ec2413029630ff90db,e417a2a7e4a77e96f819ef1fca0156ae01807825c0ee0817e649fe6c0d41a4be,Win32 EXE,"PE32 executable (console) Intel 80386, for MS Windows",2015-08-14 20:56:26,N/A,2014-11-13 05:21:46,2015-08-25 12:12:40,2024-11-27 05:56:12,2024-11-27 05:56:12,vmnetdhcp.exe,VMnetDHCP.exe,vmnetdhcp,Benign
8,e447797c377b176832497d6ddd22226f1e403a63f48f6fe1a77fa7009036e749,SHA256,0/77,240ff55d89bac595ba7a5db872fbba2e,d469e4046ef315589ce3e58b5cd94e83d4800a40,e447797c377b176832497d6ddd22226f1e403a63f48f6fe1a77fa7009036e749,Win32 EXE,"PE32 executable (GUI) Intel 80386, for MS Windows",2012-07-26 23:34:34,N/A,2012-07-26 16:34:34,2012-08-22 15:18:24,2024-10-16 08:27:18,2024-10-16 08:27:18,e447797c377b176832497d6ddd22226f1e403a63f48f6fe1a77fa7009036e749.exe,GuidGen,GuidGen.EXE,Benign
9,e4621ee8cf8325c6abef14bdca5d619f,MD5,N/A,N/A,N/A,N/A,N/A,N/A,N/A,N/A,N/A,N/A,N/A,N/A,null,null,null,N/A
10,e492236d89fd48b8306cc81580bd43fb,MD5,55/75,e492236d89fd48b8306cc81580bd43fb,07a84e406d742108134c7c9fc5adf2b0b6301a2a,d14720f5a13dbaa1ed082dd049b459ff3782a02675a5edaa8412c1704bdfceee,Win32 EXE,"PE32 executable (GUI) Intel 80386, for MS Windows, UPX compressed",2024-06-15 04:45:22,N/A,N/A,2024-06-15 07:41:46,2024-06-15 16:18:43,2025-02-09 06:03:28,d14720f5a13dbaa1ed082dd049b459ff3782a02675a5edaa8412c1704bdfceee.exe,PQ.exe,null,Malicious
11,e4955ad40c561cf1698313451f943df2,MD5,57/76,e4955ad40c561cf1698313451f943df2,bbfdf33dfde531a601ecb252bc74fa7f1ce10c02,0d96380fc93472acb731850bf6bd0c4adfea039fc3b58d9433f6ad48870cb24c,Win32 EXE,"PE32 executable (console) Intel 80386 Mono/.Net assembly, for MS Windows",2024-06-15 23:43:56,N/A,N/A,2024-06-16 10:38:34,2024-06-20 09:17:11,2025-02-14 10:01:53,Celestial36590981255.exe,Launcher.exe,0d96380fc93472acb731850bf6bd0c4adfea039fc3b58d9433f6ad48870cb24c.exe,Malicious
12,e4edb8f2ed8208340ee055ac8af2caa8,MD5,N/A,N/A,N/A,N/A,N/A,N/A,N/A,N/A,N/A,N/A,N/A,N/A,null,null,null,N/A
13,e4f6fadc5317813e8b07c0a252612a8db9d4eff4,SHA1,N/A,N/A,N/A,N/A,N/A,N/A,N/A,N/A,N/A,N/A,N/A,N/A,null,null,null,N/A
14,e55048174ddac4e63e2714695fe3e0f7,MD5,N/A,N/A,N/A,N/A,N/A,N/A,N/A,N/A,N/A,N/A,N/A,N/A,null,null,null,N/A
15,e560cb0bc9f68df82b5c58dcb70b43f438d3ea76,SHA1,0/72,5562d727fcd80ee5834282786c955227,e560cb0bc9f68df82b5c58dcb70b43f438d3ea76,32a4cf54d8fb6817225565691667499ad8d776ef9ac7a947d55719234fd248bd,ZIP,"Zip archive data, at least v2.0 to extract",N/A,N/A,N/A,2018-11-26 09:13:11,2019-06-11 04:26:58,2019-06-11 04:26:58,Win32.LoexBot1.3.zip,null,null,Benign
16,e5d62ab8315f16292765038ccf6c4f46d69b6c9ca988d89211ac1d590c57e35d,SHA256,59/76,a053de60d84cf6a5a7e258c551383c4f,f0e2a41497547fe914c77aac099f36eb5f79d7e7,e5d62ab8315f16292765038ccf6c4f46d69b6c9ca988d89211ac1d590c57e35d,Win32 EXE,"PE32 executable (GUI) Intel 80386, for MS Windows",2024-05-21 09:27:48,N/A,2024-06-16 21:53:32,2024-06-16 21:30:27,2024-06-17 19:20:31,2025-02-14 06:03:22,e5d62ab8315f16292765038ccf6c4f46d69b6c9ca988d89211ac1d590c57e35d.exe,RageMP131.exe,mpgph131.exe,Malicious
17,e60687eeaeee190171cdfa1525f3995f,MD5,N/A,N/A,N/A,N/A,N/A,N/A,N/A,N/A,N/A,N/A,N/A,N/A,null,null,null,N/A
18,e68d25ddad71d3973895dfef9df5cd99,MD5,47/76,e68d25ddad71d3973895dfef9df5cd99,22567febd316a11d06b503293ab6799af950bc12,a559901b26c91619581c40ecc13a2126732258f2caf4eb9a2b2b588b12ed65cb,RAR,"RAR archive data, v5",N/A,N/A,N/A,2024-06-13 14:57:36,2024-06-18 21:03:34,2025-02-11 00:03:45,a559901b26c91619581c40ecc13a2126732258f2caf4eb9a2b2b588b12ed65cb.rar,REQUEST FOR QUOTATION FOR  MSR # 9969.rar,null,Malicious
19,e68e04a29c6ea0dc2a3948d13808983a,MD5,59/76,e68e04a29c6ea0dc2a3948d13808983a,8390aa12ba0decc4aa98176acbf02ed712c103ee,5c303db4d277fac2db0c0b38eb814081cbb53f694169c7c583b750c3e498db54,Win32 EXE,"PE32 executable (GUI) Intel 80386, for MS Windows",2024-06-16 14:56:06,N/A,2024-06-17 03:26:15,2024-06-16 22:25:01,2024-06-20 09:18:51,2025-02-18 13:01:49,5c303db4d277fac2db0c0b38eb814081cbb53f694169c7c583b750c3e498db54.exe,5c303db4d277fac2db0c0b38eb814081cbb53f694169c7c583b750c3e498db54.mrg.exe,Auto-Clicker.exe,Malicious
20,e690cbd19b9ca80398251b709544428ad56b83866c940c13a50af30162e25ac9,SHA256,0/76,e8656b078a3b961cd12deaa90bfe1429,b676dc4b3105dc15aed8b9153f3d62baee8ccd3a,e690cbd19b9ca80398251b709544428ad56b83866c940c13a50af30162e25ac9,Win32 EXE,"PE32 executable (GUI) Intel 80386, for MS Windows",2017-01-19 03:51:14,N/A,2017-01-18 20:51:14,2017-01-23 03:29:05,2024-11-28 06:01:10,2024-11-28 06:01:10,php-win.exe,is-QOS2D.tmp,CLI_WIN32 SAPI,Benign
21,e70154670fe0d3e4ca3a65e8484611f0,MD5,N/A,N/A,N/A,N/A,N/A,N/A,N/A,N/A,N/A,N/A,N/A,N/A,null,null,null,N/A
22,e7107c8a85a04e030255623491e928e7,MD5,43/76,e7107c8a85a04e030255623491e928e7,77637f1d5391fee4d494509b7517a63f9acf6bc6,dada6a3924a4b19b5393e303599642dda1c603ebe0e7620dbfd4eddc5a1f4b8d,ELF,"ELF 32-bit LSB executable, Renesas SH, version 1 (SYSV), statically linked, stripped",N/A,N/A,2024-06-16 11:01:28,2024-06-16 00:23:35,2024-06-17 19:07:04,2025-02-18 21:03:39,dada6a3924a4b19b5393e303599642dda1c603ebe0e7620dbfd4eddc5a1f4b8d.elf,BVUD4jh4,fbae2bb85e642274_BVUD4jh4,Malicious
23,e72a940e42a977ace13eb1531d28ab7defb2f7bf,SHA1,N/A,N/A,N/A,N/A,N/A,N/A,N/A,N/A,N/A,N/A,N/A,N/A,null,null,null,N/A
24,e758690b1f0fd29ebbda30780cf4fd93e909e69e,SHA1,N/A,N/A,N/A,N/A,N/A,N/A,N/A,N/A,N/A,N/A,N/A,N/A,null,null,null,N/A
25,e7b544d03c8e88865f2ef97d6ed38e18b64c5b1d,SHA1,N/A,N/A,N/A,N/A,N/A,N/A,N/A,N/A,N/A,N/A,N/A,N/A,null,null,null,N/A
26,e7b8eac3a549c73234b60316ff3f77a89b49c94e,SHA1,N/A,N/A,N/A,N/A,N/A,N/A,N/A,N/A,N/A,N/A,N/A,N/A,null,null,null,N/A
27,e803be781e97b1710fd1ce99ce1f0222e509b603,SHA1,N/A,N/A,N/A,N/A,N/A,N/A,N/A,N/A,N/A,N/A,N/A,N/A,null,null,null,N/A
28,e83075cae503926163bf511df51ec260,MD5,48/76,e83075cae503926163bf511df51ec260,c668348d819819909407b111d6380ca96ef9b30e,daf0496346b084baea17bfe175119e04c841d8a3ce263a94ed91de7cfa22124d,RAR,"RAR archive data, v5",N/A,N/A,N/A,2024-06-13 09:00:11,2024-06-15 06:39:03,2025-01-22 14:41:35,daf0496346b084baea17bfe175119e04c841d8a3ce263a94ed91de7cfa22124d.rar,e83075cae503926163bf511df51ec260.file,null,Malicious
29,e860131878d899d7926be2fac2845213c9f20cd5,SHA1,N/A,N/A,N/A,N/A,N/A,N/A,N/A,N/A,N/A,N/A,N/A,N/A,null,null,null,N/A
30,e89d3e7f8ae0d68634e300a9fe45f8c06699fa22,SHA1,N/A,N/A,N/A,N/A,N/A,N/A,N/A,N/A,N/A,N/A,N/A,N/A,null,null,null,N/A
31,e8e6ada31ee0935773694ea7f5c72906,MD5,26/76,e8e6ada31ee0935773694ea7f5c72906,2dc28afb7b0528566ccb4e72ad1fe16113a8e4bc,221ac462d4732eb250cd5607a10833667e71fc9f884b11376547da6152db744a,Win32 EXE,"PE32 executable (GUI) Intel 80386, for MS Windows, Nullsoft Installer self-extracting archive",2018-12-15 22:26:14,N/A,2024-06-14 18:02:12,2024-06-14 19:45:12,2024-06-16 18:08:57,2024-12-27 12:31:49,221ac462d4732eb250cd5607a10833667e71fc9f884b11376547da6152db744a.exe,Node.js.exe,null,Malicious
32,e8eac417d6b3650b3922e621cbff64aeca0848583d0ffbb8dce64f6bd331587b,SHA256,57/76,384db0b53fbe573a18d40e162ca2f5f2,8afcbdb1c4e1eb198654d645a6dedde116d919b5,e8eac417d6b3650b3922e621cbff64aeca0848583d0ffbb8dce64f6bd331587b,Win32 EXE,"PE32 executable (GUI) Intel 80386 Mono/.Net assembly, for MS Windows",2024-06-17 03:14:29,N/A,N/A,2024-06-17 04:11:50,2024-06-18 19:21:42,2025-03-11 02:26:44,FFhb.exe,e8eac417d6b3650b3922e621cbff64aeca0848583d0ffbb8dce64f6bd331587b.exe,NPW36-12 - SO-3995 (SO+INV+PKW) TW103045287------此筆核單尚未收到再麻煩您.scr,Malicious
33,e916d7b2a35915967190da807f2bfa5ca6856dfa,SHA1,N/A,N/A,N/A,N/A,N/A,N/A,N/A,N/A,N/A,N/A,N/A,N/A,null,null,null,N/A
34,e9242bf7180e09268366abcc82bca082,MD5,58/76,e9242bf7180e09268366abcc82bca082,3fbb06f30057a12341da2dbc8646b49a42abbb1f,d6307f8852ea33aeb9c75d3313bb3cc047c4ef53029f3af6fe34f914e4999945,Win32 EXE,"PE32 executable (GUI) Intel 80386, for MS Windows, UPX compressed",2024-06-15 04:31:40,N/A,N/A,2024-06-15 04:52:26,2024-06-16 14:01:17,2025-02-20 16:02:07,d6307f8852ea33aeb9c75d3313bb3cc047c4ef53029f3af6fe34f914e4999945.exe,BL.exe,null,Malicious
35,e963b5ec7aaeffec40c700dc086c6662,MD5,N/A,N/A,N/A,N/A,N/A,N/A,N/A,N/A,N/A,N/A,N/A,N/A,null,null,null,N/A
36,e97f307d8991802e70f55d97865b8622c1bfb5d7,SHA1,N/A,N/A,N/A,N/A,N/A,N/A,N/A,N/A,N/A,N/A,N/A,N/A,null,null,null,N/A
37,e97fde1aa1260261577d81203a2a0b1b666e7774b44f42be89c84065d93e89e6,SHA256,1/76,4742620d9bfd0d28127232484405e850,56cf64e5aa387ce0d2a011b6021138a3570b93da,e97fde1aa1260261577d81203a2a0b1b666e7774b44f42be89c84065d93e89e6,Win32 EXE,"PE32+ executable (console) x86-64 (stripped to external PDB), for MS Windows",N/A,N/A,N/A,2016-11-24 06:09:03,2024-10-16 08:23:31,2025-03-02 22:16:23,e97fde1aa1260261577d81203a2a0b1b666e7774b44f42be89c84065d93e89e6.exe,fixincl.exe,b197.exe,Malicious
38,e9b57cd27dd150c0ee3d718f64e6210a07e78f91e4a673e259335327ab2dc908,SHA256,1/76,fa20285287c055a0ecf582e62fdcb594,145258bd68ce9262ce622089f78b12d1971b773c,e9b57cd27dd150c0ee3d718f64e6210a07e78f91e4a673e259335327ab2dc908,Win32 EXE,"PE32+ executable (console) x86-64 (stripped to external PDB), for MS Windows",1970-01-02 20:26:12,N/A,N/A,2017-03-10 10:55:31,2024-11-26 15:01:57,2024-11-26 15:01:57,e9b57cd27dd150c0ee3d718f64e6210a07e78f91e4a673e259335327ab2dc908.exe,h5mkgrp.exe,benign_871.exe,Malicious
39,e9cffbbce4105a576b306254cc858254,MD5,N/A,N/A,N/A,N/A,N/A,N/A,N/A,N/A,N/A,N/A,N/A,N/A,null,null,null,N/A
40,e9d6f283acc3e4fd3682d67fb7a0511f,MD5,56/75,e9d6f283acc3e4fd3682d67fb7a0511f,fad06ab157ad97e51b29c91b4983cb820b95cf98,0dbd951b6a7b43300cf161aa7df612560c38a92743c47b71b034aec4f54c51c7,Win32 EXE,"PE32 executable (GUI) Intel 80386, for MS Windows",2024-03-11 09:45:04,N/A,N/A,2024-06-16 04:39:42,2024-06-20 05:58:23,2025-02-09 02:03:13,msvcr.exe.bin,0dbd951b6a7b43300cf161aa7df612560c38a92743c47b71b034aec4f54c51c7.exe,msvcr.exe,Malicious
41,e9e300ae7185310479d87f9c897471b8,MD5,N/A,N/A,N/A,N/A,N/A,N/A,N/A,N/A,N/A,N/A,N/A,N/A,null,null,null,N/A
42,ea505bf44f8dc51167f3e4eec8f3be48,MD5,39/76,ea505bf44f8dc51167f3e4eec8f3be48,7a8a3e1219aebd9da2791c3d95f377d729fa318c,d793e4053d92d61ad295dd849ad600b49e6bbba8ca098a9924a43efb7bc975a2,ELF,"ELF 32-bit MSB executable, MIPS, MIPS-I version 1 (SYSV), statically linked, stripped",N/A,N/A,2024-06-15 00:14:00,2024-06-15 00:08:24,2024-06-16 14:04:18,2024-12-27 12:33:34,d793e4053d92d61ad295dd849ad600b49e6bbba8ca098a9924a43efb7bc975a2.elf,mips.octet-stream,zbetcheckin_tracker_mips,Malicious
43,eb083f32e116fa593f695e4e87782b25,MD5,54/75,eb083f32e116fa593f695e4e87782b25,37ba5ae08b28bde975619da08f4acd6c0c619a89,7ece36a08ac1adc066aa6744abfcdef371aef199198a5c912d029d58b7fbd8f9,Win32 EXE,"PE32 executable (GUI) Intel 80386, for MS Windows, UPX compressed",2024-06-15 04:34:40,N/A,N/A,2024-06-15 05:11:24,2024-06-16 12:26:44,2025-02-05 06:01:57,7ece36a08ac1adc066aa6744abfcdef371aef199198a5c912d029d58b7fbd8f9.exe,F2.exe,null,Malicious
44,eb1c42db6eb1092483ad3029216f8173,MD5,58/81,eb1c42db6eb1092483ad3029216f8173,c7f0c42a5360890e24ebeaa48cefac80471e1253,126f8b45e69f303f0cf816a002e4dd041d276dd80c1efd9dce8141acfc178a6e,Win32 EXE,"PE32 executable (GUI) Intel 80386, for MS Windows, UPX compressed",2024-06-16 16:27:52,N/A,N/A,2024-06-17 02:06:19,2024-06-20 09:30:57,2025-02-21 18:02:10,126f8b45e69f303f0cf816a002e4dd041d276dd80c1efd9dce8141acfc178a6e.exe,W916821131.exe,null,Malicious
45,eb303dc79291a526eb1016876a57a652d111b58d,SHA1,N/A,N/A,N/A,N/A,N/A,N/A,N/A,N/A,N/A,N/A,N/A,N/A,null,null,null,N/A
46,eb364c3f040e4421379821d5ee82a124,MD5,N/A,N/A,N/A,N/A,N/A,N/A,N/A,N/A,N/A,N/A,N/A,N/A,null,null,null,N/A
47,eb4489be93d5a163940004bd8ca9963b,MD5,39/76,eb4489be93d5a163940004bd8ca9963b,fdead7824a2f0c8b7a037303f4d47782cc6e0eb5,63967c45251f1094e81ae4859415409165b2d449d0dea56276b7d9523da3051d,RAR,"RAR archive data, v5",N/A,N/A,N/A,2024-06-14 04:02:38,2024-06-17 17:14:50,2025-02-18 23:03:18,63967c45251f1094e81ae4859415409165b2d449d0dea56276b7d9523da3051d.rar,NEW ORDER.rar,63967c45251f1094e81ae4859415409165b2d449d0dea56276b7d9523da3051d,Malicious
48,eb7432e5511f799c5467441d79f0852d,MD5,38/75,eb7432e5511f799c5467441d79f0852d,e61692b4f81e14e40ede87209aa1669acd86a028,70c0adf488b6aa74cf5ea3b943433189e639347005aac1544aaadefd3689935c,ELF,"ELF 32-bit LSB executable, ARM, EABI4 version 1 (SYSV), statically linked, stripped",N/A,N/A,2024-06-15 00:01:28,2024-06-14 23:22:03,2024-06-15 16:18:45,2025-02-05 07:02:16,70c0adf488b6aa74cf5ea3b943433189e639347005aac1544aaadefd3689935c.elf,zbetcheckin_tracker_arm6,null,Malicious
49,eb896b51453c804f14c11eee64c0ff79,MD5,61/76,eb896b51453c804f14c11eee64c0ff79,e13b7ab9b10d698bb766141fccae0e7cf19c7195,311198eeb76c5cb081151452a73159c194300121515e3fd875429152ae7761aa,Win32 EXE,"PE32 executable (GUI) Intel 80386, for MS Windows",2019-10-17 05:39:03,N/A,2024-06-16 08:53:28,2022-07-07 15:15:52,2024-06-17 16:24:40,2025-02-11 04:02:07,311198eeb76c5cb081151452a73159c194300121515e3fd875429152ae7761aa.exe,3306.exe,Dumdu.exe,Malicious
50,ebb96f004f982d3aa4d5e92342637148d66d7133e6b8096e72e8f34560c73aa5,SHA256,0/76,9cdd506670f469cf3a12dfd23a09d9b1,efaa3f2419d2352138d1dc47b2294b27e7184e9c,ebb96f004f982d3aa4d5e92342637148d66d7133e6b8096e72e8f34560c73aa5,Win32 EXE,"PE32 executable (console) Intel 80386 (stripped to external PDB), for MS Windows",1970-01-01 15:00:04,N/A,2020-06-11 13:11:18,2015-02-08 15:48:33,2025-02-09 15:18:40,2024-11-28 06:48:10,chmod.exe,ebb96f004f982d3aa4d5e92342637148d66d7133e6b8096e72e8f34560c73aa5.exe,a25.exe,Benign
51,ec06b66349380590412d01e0a25d363ed5455932,SHA1,N/A,N/A,N/A,N/A,N/A,N/A,N/A,N/A,N/A,N/A,N/A,N/A,null,null,null,N/A
52,ec0bc3131b0cf212d00601188b477d215687f859,SHA1,N/A,N/A,N/A,N/A,N/A,N/A,N/A,N/A,N/A,N/A,N/A,N/A,null,null,null,N/A
53,ec0fccfe075739653dc1f1fbddfa525f,MD5,N/A,N/A,N/A,N/A,N/A,N/A,N/A,N/A,N/A,N/A,N/A,N/A,null,null,null,N/A
54,ec1b8cf87bc532f33daf88355d242769607cf57e60e11ea8e28d6377b1ffe191,SHA256,0/76,ea235197228eefbd6a95e844781dcebd,b9dc64124cb66913f93a48bcb7bf2f2fe1e57946,ec1b8cf87bc532f33daf88355d242769607cf57e60e11ea8e28d6377b1ffe191,Win32 EXE,"PE32+ executable (GUI) x86-64, for MS Windows",N/A,N/A,2017-12-04 16:39:24,2017-05-11 21:25:45,2024-11-28 06:01:43,2024-11-28 06:01:43,semi-flatten,semi-flatten.exe,ec1b8cf87bc532f33daf88355d242769607cf57e60e11ea8e28d6377b1ffe191.exe,Benign
55,ec49b5aeda7cdc9e133c98bcea20c774640c02c3,SHA1,N/A,N/A,N/A,N/A,N/A,N/A,N/A,N/A,N/A,N/A,N/A,N/A,null,null,null,N/A
56,ec5239c7d0ccb72b5492f284ca346d18,MD5,N/A,N/A,N/A,N/A,N/A,N/A,N/A,N/A,N/A,N/A,N/A,N/A,null,null,null,N/A
57,ec8395ab21415eb69ddcb6bf11d9fe37,MD5,N/A,N/A,N/A,N/A,N/A,N/A,N/A,N/A,N/A,N/A,N/A,N/A,null,null,null,N/A
58,ecb81847bf544e949cbcb96d8587e1d3739f93948020fc223e0fed66f0d88112,SHA256,0/76,af772c6d771f650aa33cdcffb2e692e6,5f73fc9000cf500d44e94bbf1941a856d87ac778,ecb81847bf544e949cbcb96d8587e1d3739f93948020fc223e0fed66f0d88112,Win32 EXE,"PE32 executable (console) Intel 80386 (stripped to external PDB), for MS Windows",1970-01-04 20:32:54,N/A,2020-06-11 13:11:19,2015-02-08 15:48:40,2024-11-28 05:56:47,2024-11-28 05:56:47,pgawk-3.1.7.exe,pgawk.exe,ecb81847bf544e949cbcb96d8587e1d3739f93948020fc223e0fed66f0d88112.exe,Benign
59,ecec0cf3a79928b39ebaedccd677cf4a168441801c99cf5d9ee333cf1a161d2f,SHA256,58/76,c04fb04ec97ed7f908f2710bd3344384,3ea8e3dd3715ce0af736327bac00515adf0e820c,ecec0cf3a79928b39ebaedccd677cf4a168441801c99cf5d9ee333cf1a161d2f,Win32 EXE,"PE32 executable (GUI) Intel 80386, for MS Windows",2023-05-22 03:49:10,N/A,2024-06-15 14:01:45,2024-06-15 12:46:11,2024-06-20 09:14:44,2025-01-29 16:01:00,ecec0cf3a79928b39ebaedccd677cf4a168441801c99cf5d9ee333cf1a161d2f.exe,null,null,Malicious
60,ecf9e6567852f1a45dd6068ed197aa22cfac0121fdc0c3a2e9367dd6cc85fcae,SHA256,0/76,c507cf73e270f095941efd26d8fcac96,1533b5f2bb461ff194bb75f70c57cbda18604d3f,ecf9e6567852f1a45dd6068ed197aa22cfac0121fdc0c3a2e9367dd6cc85fcae,Win32 EXE,"PE32+ executable (GUI) x86-64, for MS Windows",2015-07-10 03:13:10,N/A,2015-07-09 20:13:10,2015-07-18 04:21:54,2024-11-28 05:58:09,2025-02-27 09:38:25,Cortana Dss WinRT OOP Server,CortanaDssServer.exe,ecf9e6567852f1a45dd6068ed197aa22cfac0121fdc0c3a2e9367dd6cc85fcae.exe,Benign
61,edd3b6b34087a3b2a16cc1de8c37c355dffcb41b,SHA1,N/A,N/A,N/A,N/A,N/A,N/A,N/A,N/A,N/A,N/A,N/A,N/A,null,null,null,N/A
62,ee01b01fbb047bbeabc6fd119ca91797f00bc7b59d8dab2c7f5a60e6b056972d,SHA256,0/76,555a48bacca5d441c3c969055db440a9,3f293a81a47acb959321a47b77be7f278dac0839,ee01b01fbb047bbeabc6fd119ca91797f00bc7b59d8dab2c7f5a60e6b056972d,unknown,data,N/A,N/A,2015-07-10 08:31:38,2015-07-23 07:10:59,2024-11-27 05:17:29,2024-11-27 05:17:29,ee01b01fbb047bbeabc6fd119ca91797f00bc7b59d8dab2c7f5a60e6b056972d.exe,rpcinfo.exe,b480.exe,Benign
63,ee335b17908e93ab3b3f58ad2ae163d7825eeff9,SHA1,4/75,24bab27c9a1148088388847a03f49e02,ee335b17908e93ab3b3f58ad2ae163d7825eeff9,9b5c026a4447c9552884c4399f02b4f5ab2d162fe9577da31180a5e875785501,ZIP,"Zip archive data, at least v2.0 to extract, compression method=store",N/A,N/A,N/A,2022-06-08 05:03:55,2024-03-23 02:08:03,2025-02-10 04:02:41,Win32.Mirai.2016.zip,null,null,Malicious
64,ee40228ccce865e06dfdfb499b2856f8,MD5,N/A,N/A,N/A,N/A,N/A,N/A,N/A,N/A,N/A,N/A,N/A,N/A,null,null,null,N/A
65,ee89f7922a4ccc1147e7c427c832a35a,MD5,63/76,ee89f7922a4ccc1147e7c427c832a35a,573708eaf5ea90720c55c54e0dba672a18bc0d32,acb615b72532d8020f1fa9afa65c44bd67caa1ec83f39f4b029287e70c344d0b,Win32 EXE,"PE32 executable (GUI) Intel 80386, for MS Windows",2021-08-06 16:38:04,N/A,N/A,2024-06-15 03:10:56,2024-06-22 20:07:05,2025-01-25 04:11:08,acb615b72532d8020f1fa9afa65c44bd67caa1ec83f39f4b029287e70c344d0b.exe,Phija.exe,SB360.exe,Malicious
66,eeb4e4c63f7b33a00a4ed0dbec66fffbf534180bdd20a8d88b9de5d5e595efd9,SHA256,0/76,0dbf6fb5bdfe5adec4f8ad4b76680e9e,ab42e8974abbf6e4f872356a250403b7920bb0f1,eeb4e4c63f7b33a00a4ed0dbec66fffbf534180bdd20a8d88b9de5d5e595efd9,Win32 EXE,"PE32+ executable (console) x86-64, for MS Windows",2012-02-11 04:13:37,N/A,2012-02-10 20:13:37,2012-11-14 04:33:01,2024-11-27 05:44:34,2024-11-27 05:44:34,dcexec.exe,DCExec,DCExec.EXE,Benign
67,eef4074c975b8ba2e21d722da72bf8ad815d739f,SHA1,N/A,N/A,N/A,N/A,N/A,N/A,N/A,N/A,N/A,N/A,N/A,N/A,null,null,null,N/A
68,ef61e92582a60c072fc527babcc7183ea7b7ba7af03a684eb77d17023de113fe,SHA256,0/76,bdac365c55879f554c915f385757e0c8,39f90f778f72b897fcc8bfd6997fa27783960751,ef61e92582a60c072fc527babcc7183ea7b7ba7af03a684eb77d17023de113fe,Win32 EXE,"PE32 executable (console) Intel 80386 Mono/.Net assembly, for MS Windows",2016-06-03 23:38:04,N/A,2016-06-03 15:38:04,2016-06-27 17:31:55,2024-11-26 14:19:03,2024-11-26 14:19:03,IisExpressadminCmd.exe,ef61e92582a60c072fc527babcc7183ea7b7ba7af03a684eb77d17023de113fe.exe,IisExpressAdminCmd.exe,Benign
69,ef7fde1a61f36d00565682c558f2eef7ce7ea93f,SHA1,N/A,N/A,N/A,N/A,N/A,N/A,N/A,N/A,N/A,N/A,N/A,N/A,null,null,null,N/A
70,efecf9bb87d641994cab084a0ad65397b193c7a6d00c65100e6e41b8948f592e,SHA256,0/76,1b5847e6d3ac11b692aec9d93d704b09,24154211a2842a1f80559da474f6a3d0d867cd86,efecf9bb87d641994cab084a0ad65397b193c7a6d00c65100e6e41b8948f592e,Win32 EXE,"PE32 executable (console) Intel 80386 (stripped to external PDB), for MS Windows",1970-01-01 11:35:30,N/A,2020-06-11 13:11:39,2015-02-08 15:48:39,2024-10-28 02:08:37,2024-10-28 02:08:37,mkdir.exe,efecf9bb87d641994cab084a0ad65397b193c7a6d00c65100e6e41b8948f592e.exe,a173.exe,Benign
71,f02f2aed2543efe04514f618316091197c55f77e,SHA1,N/A,N/A,N/A,N/A,N/A,N/A,N/A,N/A,N/A,N/A,N/A,N/A,null,null,null,N/A
72,f071aa45759ace7eaa49446f9629e0f5,MD5,46/76,f071aa45759ace7eaa49446f9629e0f5,cf7af720e736b6d66c4e28278dbba2a38931b31a,eeeb3abb1dc4f7439ea12706fd5879ea4e25ee356b6c000eed646b21a18d0d37,ELF,"ELF 32-bit LSB executable, Intel 80386, version 1 (SYSV), statically linked, stripped",N/A,N/A,2024-06-16 12:02:03,2024-06-16 00:23:33,2024-06-17 19:28:48,2025-02-18 22:01:56,eeeb3abb1dc4f7439ea12706fd5879ea4e25ee356b6c000eed646b21a18d0d37.elf,oIFmp8x6,ff3f40c4d492e1d8_oIFmp8x6,Malicious
73,f073c031c787956ad68f2b5c8f512212071e3fff4610910cff8d2a2b81d3b50d,SHA256,0/77,3a69781fea49805f6672e77386c3b7b8,1c97d42216939136f4f76d0bdc89b3f5aff3fa97,f073c031c787956ad68f2b5c8f512212071e3fff4610910cff8d2a2b81d3b50d,Win32 EXE,"PE32+ executable (console) x86-64, for MS Windows",2015-07-10 03:18:32,N/A,2015-07-09 20:18:32,2015-07-18 03:08:35,2024-10-28 02:13:43,2024-10-28 02:13:43,f073c031c787956ad68f2b5c8f512212071e3fff4610910cff8d2a2b81d3b50d.exe,ksetup.exe,3522392828.exe,Benign
74,f08da8da40b5de944f08971687e08c6cef86adc1,SHA1,N/A,N/A,N/A,N/A,N/A,N/A,N/A,N/A,N/A,N/A,N/A,N/A,null,null,null,N/A
75,f09319ab5778ca227c74f0392555c629,MD5,N/A,N/A,N/A,N/A,N/A,N/A,N/A,N/A,N/A,N/A,N/A,N/A,null,null,null,N/A
76,f0942ad9e7216ade8fd1118d33ec6151,MD5,13/76,f0942ad9e7216ade8fd1118d33ec6151,90d805f00a2c27ca97dfdbd8965f082a6cd06af4,0da8a8a5eadc4fcb63a1ac452d084a8166882b3a9dbe202c574c632a194e50b2,Mach-O,"Mach-O 64-bit x86_64 executable, flags:<NOUNDEFS|DYLDLINK|TWOLEVEL|PIE>",N/A,N/A,N/A,2024-05-27 07:00:19,2024-11-03 21:17:20,2025-01-30 11:47:59,ic,0da8a8a5eadc4fcb63a1ac452d084a8166882b3a9dbe202c574c632a194e50b2.macho,null,Malicious
77,f0cb6c0900dfefe1b11d59a8d62180b6f3362477,SHA1,N/A,N/A,N/A,N/A,N/A,N/A,N/A,N/A,N/A,N/A,N/A,N/A,null,null,null,N/A
78,f0de9a5ce7e90d13d00c8602b3863a346f665a97ebd8d928a3f5e027a70f1e68,SHA256,11/77,d9ede19a807e9cec68f643008db5e074,7d8cd01c4b0734583bb99a49e29769a1e4c6ac08,f0de9a5ce7e90d13d00c8602b3863a346f665a97ebd8d928a3f5e027a70f1e68,ZIP,"Zip archive data, at least v1.0 to extract, compression method=store",N/A,N/A,2024-06-17 03:41:16,2024-06-17 00:54:42,2024-06-18 19:27:36,2024-09-12 11:21:25,f0de9a5ce7e90d13d00c8602b3863a346f665a97ebd8d928a3f5e027a70f1e68.zip,1Nst@LI3r_pA$S_3275.zip,null,Malicious
79,f0dfcec07de51baa781e1780a7c81395,MD5,N/A,N/A,N/A,N/A,N/A,N/A,N/A,N/A,N/A,N/A,N/A,N/A,null,null,null,N/A
80,f0ebe5ea67dbd131ff090f32261c48c03990363b,SHA1,3/76,6ee37713470bc5c9e8044ffa0237b45f,f0ebe5ea67dbd131ff090f32261c48c03990363b,6f7e4c91969d5295b52f3aa8e9c2205611cbc033423c66159b5c790cf1aeee0e,ZIP,"Zip archive data, at least v1.0 to extract, compression method=store",N/A,N/A,N/A,2015-03-25 16:59:21,2025-03-09 19:44:10,2024-11-07 10:06:42,Win32.Remhead.zip,VirusShare_6ee37713470bc5c9e8044ffa0237b45f,aa,Malicious
81,f0f1c00da6158ebde4e4931985079358e4ba0b84,SHA1,N/A,N/A,N/A,N/A,N/A,N/A,N/A,N/A,N/A,N/A,N/A,N/A,null,null,null,N/A
82,f15afcf1be6c7cb7d9db757311a1c56d,MD5,43/76,f15afcf1be6c7cb7d9db757311a1c56d,c7f7bfeece3e618dec5fce261e48a7f4decae3c1,957f74c37efd8bcf5182bb523fc0b384e3ec7b0e130c556ad2f62d8b42716530,ELF,"ELF 32-bit MSB executable, PowerPC or cisco 4500, version 1 (SYSV), statically linked, stripped",N/A,N/A,2024-06-16 11:01:28,2024-06-16 00:23:29,2024-06-17 18:16:51,2025-02-10 08:02:47,957f74c37efd8bcf5182bb523fc0b384e3ec7b0e130c556ad2f62d8b42716530.elf,u4ZuMpPc,robben,Malicious
83,f15c1fb9ab6baaf82700fd55ed47951a49f5607c,SHA1,N/A,N/A,N/A,N/A,N/A,N/A,N/A,N/A,N/A,N/A,N/A,N/A,null,null,null,N/A
84,f1824617fee9b12404d9c7378ea08c645da6db1726756038577de1413069d002,SHA256,52/78,54e76fc58a7a13ef5198b16e86ab73c3,bd344b65d9cbc757222ff99b5750eb399b4c6d94,f1824617fee9b12404d9c7378ea08c645da6db1726756038577de1413069d002,ZIP,"Zip archive data, at least v2.0 to extract, compression method=deflate",N/A,N/A,N/A,2024-06-17 04:39:04,2024-06-18 19:28:25,2024-07-16 08:09:44,f1824617fee9b12404d9c7378ea08c645da6db1726756038577de1413069d002.zip,ORDER060424.zip,null,Malicious
85,f192b4e9cf07850041e19ea07cd984e3,MD5,54/76,f192b4e9cf07850041e19ea07cd984e3,061a917e9691648e00a7f91ff82ae1c0e8da248b,515b7bd886b37d24fa02bb3d9b1ecf31f887bb46834787771722236d40c565c7,Win32 EXE,"PE32 executable (GUI) Intel 80386 Mono/.Net assembly, for MS Windows",2024-06-15 13:41:44,N/A,N/A,2024-06-15 14:41:19,2024-06-25 15:30:33,2025-02-16 00:03:22,Xworm cracked.exe,Xworm V5.6.exe,515b7.exe,Malicious
86,f19b2011b0114a2dd6e4777948b81b6f4535e149,SHA1,N/A,N/A,N/A,N/A,N/A,N/A,N/A,N/A,N/A,N/A,N/A,N/A,null,null,null,N/A
